{
  "number": {
    "CartPole-v1": {
      "PRT": 62.65,
      "MDPFuzz": 2341.4,
      "CureFuzz": 2182.6,
      "G_Model": 657.45,
      "Map_Elites": 1616.45,
      "RT": 491.5
    },
    "LunarLander-v3": {
      "PRT": 70.15,
      "MDPFuzz": 616.05,
      "CureFuzz": 613.45,
      "G_Model": 836.25,
      "Map_Elites": 566.85,
      "RT": 532.8
    },
    "MountainCar-v0": {
      "PRT": 444.3,
      "MDPFuzz": 96.0,
      "CureFuzz": 1502.4,
      "G_Model": 96192.55,
      "Map_Elites": 656.05,
      "RT": 2177.05
    },
    "Humanoid-v4": {
      "PRT": 524.85,
      "MDPFuzz": 1268.0,
      "CureFuzz": 1116.55,
      "G_Model": 4088.2,
      "Map_Elites": 1789.25,
      "RT": 1261.25
    }
  },
  "time": {
    "CartPole-v1": {
      "PRT": 1.8489963412284847,
      "MDPFuzz": 465.7081058382988,
      "CureFuzz": 68.41867499351503,
      "G_Model": 24.533441364765167,
      "Map_Elites": 48.62205365896225,
      "RT": 15.221014642715454
    },
    "LunarLander-v3": {
      "PRT": 1.5990928173065186,
      "MDPFuzz": 92.6797936797142,
      "CureFuzz": 15.142719578742986,
      "G_Model": 24.19580655097962,
      "Map_Elites": 13.154894280433654,
      "RT": 12.664661931991578
    },
    "MountainCar-v0": {
      "PRT": 2.203853070735932,
      "MDPFuzz": 4.675666892528534,
      "CureFuzz": 8.424192595481871,
      "G_Model": 3447151.598944867,
      "Map_Elites": 4.237331187725067,
      "RT": 10.262028825283052
    },
    "Humanoid-v4": {
      "PRT": 165.88260127305986,
      "MDPFuzz": 400.1392216920853,
      "CureFuzz": 352.39095387458804,
      "G_Model": 1309.8101130247114,
      "Map_Elites": 572.3307616949082,
      "RT": 393.1540392518043
    }
  }
}